color,director_name,num_critic_for_reviews,duration,director_facebook_likes,actor_3_facebook_likes,actor_2_name,actor_1_facebook_likes,gross,genres,actor_1_name,movie_title,num_voted_users,cast_total_facebook_likes,actor_3_name,facenumber_in_poster,plot_keywords,movie_imdb_link,num_user_for_reviews,language,country,content_rating,budget,title_year,actor_2_facebook_likes,imdb_score,aspect_ratio,movie_facebook_likes
Color,James Cameron,723,178,0,855,Joel David Moore,1000,760505847,Action|Adventure|Fantasy|Sci-Fi,CCH Pounder,Avatar ,886204,4834,Wes Studi,0,avatar|future|marine|native|paraplegic,http://www.imdb.com/title/tt0499549/?ref_=fn_tt_tt_1,3054,English,USA,PG-13,237000000,2009,936,7.9,1.78,33000
Color,Gore Verbinski,302,169,563,1000,Orlando Bloom,40000,309404152,Action|Adventure|Fantasy,Johnny Depp,Pirates of the Caribbean: At World's End ,471220,48350,Jack Davenport,0,goddess|marriage ceremony|marriage proposal|pirate|singapore,http://www.imdb.com/title/tt0449088/?ref_=fn_tt_tt_1,1238,English,USA,PG-1
Color,Carl Rinsch,218,128,47,982,Cary-Hiroyuki Tagawa,18000,38297305,Action|Adventure|Drama|Fantasy,Keanu Reeves,47 Ronin ,116994,20965,Jin Akanishi,2,box office flop|ronin|samurai|shogun|tournament,http://www.imdb.com/title/tt1335975/?ref_=fn_tt_tt_1,324,English,USA,PG-13,175000000,2013,1000,6.3,2.35,35000
Color,Robert Zemeckis,240,96,,10000,Colin Firth,18000,137850096,Animation|Drama|Family|Fantasy,Robin Wright,A Christmas Carol ,72809,48878,Gary Oldman,0,charles dickens|christmas|christmas eve|ghost|scrooge,http://www.imdb.com/title/tt1067106/?ref_=fn_tt_tt_1,249,English,USA,PG,200000000,2009,14000,6.8,2.35,0
Color,Tim Burton,451,108,13000,11000,Alan Rickman,40000,334185206,Adventure|Family|Fantasy,Johnny Depp,Alice in Wonderland ,306320,79957,Anne Hathaway,0,alice in wonderland|mistaking reality for dream|queen|shrinking|shrinking potion,http://www.imdb.com/title/tt1014759/?ref_=fn_tt_tt_1,736,English,USA,PG,200000000,2010,25000,6.5,1.85,24000
Color,Christopher Nolan,478,128,22000,11000,Liam Neeson,23000,205343774,Action|Adventure,Christian Bale,Batman Begins ,980946,59558,Morgan Freeman,0,armored car|gangster|gotham|mixed martial arts|social decay,http://www.imdb.com/title/tt0372784/?ref_=fn_tt_tt_1,2685,English,USA,PG-13,150000000,2005,14000,8.3,2.35,15000
Color,Zack Snyder,673,183,,2000,Lauren Cohan,15000,330249062,Action|Adventure|Sci-Fi,Henry Cavill,Batman v Superman: Dawn of Justice ,371639,24450,Alan D. Purwin,0,based on comic book|batman|sequel to a reboot|superhero|superman,http://www.imdb.com/title/tt2975590/?ref_=fn_tt_tt_1,3018,English,USA,PG-13,250000000,2016,4000,6.9,2.35,197000
Color,Don Hall,384,102,38,562,Daniel Henney,756,222487711,Action|Adventure|Animation|Comedy|Drama|Family|Sci-Fi,Damon Wayans Jr.,Big Hero 6 ,279093,2963,Abraham Benrubi,0,high tech|martial arts|masked man|robot|superhero,http://www.imdb.com/title/tt2245084/?ref_=fn_tt_tt_1,433,English,USA,PG,165000000,2014,719,7.9,2.39,41000
Color,John Lasseter,304,106,487,776,Thomas Kretschmann,1000,191450875,Adventure|Animation|Comedy|Family|Sport,Joe Mantegna,Cars 2 ,101178,4482,Eddie Izzard,0,best friend|car race|conspiracy|gadget car|spy,http://www.imdb.com/title/tt1216475/?ref_=fn_tt_tt_1,283,English,USA,G,200000000,2011,919,6.3,2.35,10000
Color,David Bowers,135,85,42,586,Kate Winslet,20000,64459316,Adventure|Animation|Comedy|Family,Hugh Jackman,Flushed Away ,85086,35161,David Suchet,0,boat|frog|rat|sewer|toad,http://www.imdb.com/title/tt0424095/?ref_=fn_tt_tt_1,122,English,UK,PG,149000000,2006,14000,6.7,1.85,0
Color,James Wan,424,140,,14000,Paul Walker,26000,350034110,Action|Crime|Thriller,Jason Statham,Furious 7 ,278232,79150,Vin Diesel,0,car falling off a cliff|hospital|revenge|star died before release|terrorist,http://www.imdb.com/title/tt2820852/?ref_=fn_tt_tt_1,657,English,USA,PG-13,190000000,2015,23000,7.2,2.35,94000
Color,Hoyt Yeatman,145,88,12,182,Piper Mackenzie Harris,730,119420252,Action|Adventure|Animation|Comedy|Family|Fantasy|Sci-Fi,Kelli Garner,G-Force ,33042,2217,Niecy Nash,0,fbi director|guinea pig|household appliance|secret agent|talking mouse,http://www.imdb.com/title/tt0436339/?ref_=fn_tt_tt_1,90,English,USA,PG,150000000,2009,607,5.1,2.35,0
Color,Stephen Sommers,250,118,208,570,Dennis Quaid,23000,150167630,Action|Adventure|Sci-Fi|Thriller,Joseph Gordon-Levitt,G.I. Joe: The Rise of Cobra ,174578,26683,Leo Howard,4,cobra|gi joe|snake|train|warhead,http://www.imdb.com/title/tt1046173/?ref_=fn_tt_tt_1,534,English,USA,PG-13,175000000,2009,2000,5.8,2.35,0
Color,Peter Berg,318,102,532,979,Charlize Theron,10000,227946274,Action|Drama,Will Smith,Hancock ,343648,21584,Eddie Marsan,0,bully comeuppance|destruction|prison|superhero|tough girl,http://www.imdb.com/title/tt0448157/?ref_=fn_tt_tt_1,590,English,USA,PG-13,150000000,2008,9000,6.4,2.35,0
Color,Dean DeBlois,288,98,255,759,America Ferrera,18000,217387997,Adventure|Animation|Family|Fantasy,Gerard Butler,How to Train Your Dragon ,485430,20453,Craig Ferguson,0,dragon|island|training|viking|village,http://www.imdb.com/title/tt0892769/?ref_=fn_tt_tt_1,492,English,USA,PG,165000000,2010,953,8.2,2.35,33000
Color,Christopher Nolan,642,148,22000,23000,Tom Hardy,29000,292568851,Action|Adventure|Sci-Fi|Thriller,Leonardo DiCaprio,Inception ,1468200,81115,Joseph Gordon-Levitt,0,ambiguous ending|corporate espionage|dream|subconscious|thief,http://www.imdb.com/title/tt1375666/?ref_=fn_tt_tt_1,2803,English,USA,PG-13,160000000,2010,27000,8.8,2.35,175000
Color,Jon Favreau,486,126,4000,4000,Jeff Bridges,21000,318298180,Action|Adventure|Sci-Fi,Robert Downey Jr.,Iron Man ,696338,39252,Jon Favreau,3,afghanistan|billionaire|inventor|playboy|u.s. air force,http://www.imdb.com/title/tt0371746/?ref_=fn_tt_tt_1,1055,English,USA,PG-13,140000000,2008,12000,7.9,2.35,10000
Color,Bryan Singer,338,114,,140,Ewen Bremner,979,65171860,Adventure|Fantasy,Eddie Marsan,Jack the Giant Slayer ,106416,1766,Ralph Brown,1,bean|giant|king|no opening credits|princess,http://www.imdb.com/title/tt1351685/?ref_=fn_tt_tt_1,205,English,USA,PG-13,195000000,2013,557,6.3,2.35,22000
Color,Colin Trevorrow,644,124,365,1000,Judy Greer,3000,652177271,Action|Adventure|Sci-Fi|Thriller,Bryce Dallas Howard,Jurassic World ,418214,8458,Omar Sy,0,dinosaur|disaster film|experiment gone wrong|jurassic park|velociraptor,http://www.imdb.com/title/tt0369610/?ref_=fn_tt_tt_1,1290,English,USA,PG-13,150000000,2015,2000,7.0,2.00,150000
Color,Peter Jackson,446,201,,84,Thomas Kretschmann,6000,218051260,Action|Adventure|Drama|Romance,Naomi Watts,King Kong ,316018,7123,Evan Parke,0,animal name in title|ape abducts a woman|gorilla|island|king kong,http://www.imdb.com/title/tt0360717/?ref_=fn_tt_tt_1,2618,English,New Zealand,PG-13,207000000,2005,919,7.2,2.35,0
Color,George Miller,739,120,750,943,Charlize Theron,27000,153629485,Action|Adventure|Sci-Fi|Thriller,Tom Hardy,Mad Max: Fury Road ,552503,40025,Zoë Kravitz,0,australia|desert|escape|on the run|post apocalypse,http://www.imdb.com/title/tt1392190/?ref_=fn_tt_tt_1,1588,English,Australia,R,150000000,2015,9000,8.1,2.35,191000
Color,Eric Darnell,211,93,35,436,Martin Short,851,216366733,Adventure|Animation|Comedy|Family,Jada Pinkett Smith,Madagascar 3: Europe's Most Wanted ,119213,2444,Cedric the Entertainer,0,animal|circus|island name in title|lemur|penguin,http://www.imdb.com/title/tt1277953/?ref_=fn_tt_tt_1,154,English,USA,PG,145000000,2012,770,6.9,1.85,17000
Color,Barry Sonnenfeld,208,88,188,826,Rosario Dawson,10000,190418803,Action|Adventure|Comedy|Family|Fantasy|Mystery|Sci-Fi,Will Smith,Men in Black II ,270207,14823,Rip Torn,2,alien|lingerie|lingerie model|m.i.b.|pug,http://www.imdb.com/title/tt0120912/?ref_=fn_tt_tt_1,606,English,USA,PG-13,140000000,2002,3000,6.1,1.85,2000
Color,Peter Ramsey,256,97,52,161,Kamil McFadden,20000,103400692,Adventure|Animation|Family|Fantasy,Hugh Jackman,Rise of the Guardians ,123553,20645,Khamani Griffin,0,belief|box office hit|children|new york city|tooth,http://www.imdb.com/title/tt1446192/?ref_=fn_tt_tt_1,174,English,USA,PG,145000000,2012,315,7.3,1.85,25000
Color,Rupert Sanders,416,132,274,11000,Kristen Stewart,26000,155111815,Action|Adventure|Drama|Fantasy,Chris Hemsworth,Snow White and the Huntsman ,228554,72881,Sam Claflin,0,evil queen|fairy tale|magic|queen|snow white,http://www.imdb.com/title/tt1735898/?ref_=fn_tt_tt_1,710,English,USA,PG-13,170000000,2012,17000,6.1,2.35,53000
Color,Sam Mendes,602,148,,161,Rory Kinnear,11000,200074175,Action|Adventure|Thriller,Christoph Waltz,Spectre ,275868,11700,Stephanie Sigman,1,bomb|espionage|sequel|spy|terrorist,http://www.imdb.com/title/tt2379713/?ref_=fn_tt_tt_1,994,English,UK,PG-13,245000000,2015,393,6.8,2.35,85000
Color,Sam Raimi,392,156,,4000,James Franco,24000,336530303,Action|Adventure|Romance,J.K. Simmons,Spider-Man 3 ,383056,46055,Kirsten Dunst,0,sandman|spider man|symbiote|venom|villain,http://www.imdb.com/title/tt0413300/?ref_=fn_tt_tt_1,1902,English,USA,PG-13,258000000,2007,11000,6.2,2.35,0
Color,Justin Lin,322,122,681,105,Melissa Roxburgh,998,130468626,Action|Adventure|Sci-Fi|Thriller,Sofia Boutella,Star Trek Beyond ,53607,1327,Lydia Wilson,4,hatred|sequel|space opera|star trek|third part,http://www.imdb.com/title/tt2660888/?ref_=fn_tt_tt_1,432,English,USA,PG-13,185000000,2016,119,7.5,2.35,30000
Color,David Ayer,418,123,452,329,Robin Atkin Downes,10000,161087183,Action|Adventure|Comedy|Sci-Fi,Will Smith,Suicide Squad ,118992,11287,Ike Barinholtz,8,based on comic book|critically bashed|father daughter relationship|reference to superman|super villain,http://www.imdb.com/title/tt1386697/?ref_=fn_tt_tt_1,971,English,USA,PG-13,175000000,2016,336,6.9,2.35,80000
Color,Marc Webb,599,153,464,963,Andrew Garfield,15000,262030663,Action|Adventure|Fantasy,Emma Stone,The Amazing Spider-Man ,451803,28489,Chris Zylka,0,lizard|outcast|spider|spider man|teenager,http://www.imdb.com/title/tt0948470/?ref_=fn_tt_tt_1,1225,English,USA,PG-13,230000000,2012,10000,7.0,2.35,56000
Color,Joss Whedon,703,173,,19000,Robert Downey Jr.,26000,623279547,Action|Adventure|Sci-Fi,Chris Hemsworth,The Avengers ,995415,87697,Scarlett Johansson,3,alien invasion|assassin|battle|iron man|soldier,http://www.imdb.com/title/tt0848228/?ref_=fn_tt_tt_1,1722,English,USA,PG-13,220000000,2012,21000,8.1,1.85,123000
Color,David Fincher,362,166,21000,919,Jason Flemyng,11000,127490802,Drama|Fantasy|Romance,Brad Pitt,The Curious Case of Benjamin Button ,459346,13333,Julia Ormond,2,deformed baby|diary|lingerie slip|older man younger woman relationship|premature aging,http://www.imdb.com/title/tt0421715/?ref_=fn_tt_tt_1,822,English,USA,PG-13,150000000,2008,1000,7.8,2.35,23000
Color,M. Night Shyamalan,280,103,,346,Noah Ringer,1000,131564731,Action|Adventure|Family|Fantasy,Seychelle Gabriel,The Last Airbender ,118951,2857,Aasif Mandvi,0,avatar|fire|kingdom|tribe|water,http://www.imdb.com/title/tt0938283/?ref_=fn_tt_tt_1,1382,English,USA,PG,150000000,2010,756,4.2,2.35,18000
Color,Gore Verbinski,450,150,563,1000,Ruth Wilson,40000,89289910,Action|Adventure|Western,Johnny Depp,The Lone Ranger ,181792,45757,Tom Wilkinson,1,horse|outlaw|texas|texas ranger|train,http://www.imdb.com/title/tt1210819/?ref_=fn_tt_tt_1,711,English,USA,PG-13,215000000,2013,2000,6.5,2.35,48000
Color,Lana Wachowski,245,129,,233,Collin Chou,309,139259759,Action|Sci-Fi,Essie Davis,The Matrix Revolutions ,364948,1062,Nona Gaye,0,battle|epic|fight|future|machine,http://www.imdb.com/title/tt0242653/?ref_=fn_tt_tt_1,2121,English,Australia,R,150000000,2003,269,6.7,2.35,0
Color,Jon Turteltaub,235,109,226,370,Omar Benson Miller,12000,63143812,Action|Adventure|Family|Fantasy,Nicolas Cage,The Sorcerer's Apprentice ,124185,13388,Robert Capron,0,chosen one|enchanted object|love|spell|training,http://www.imdb.com/title/tt0963966/?ref_=fn_tt_tt_1,238,English,USA,PG,150000000,2010,418,6.1,2.35,11000
Color,Joe Johnston,357,119,394,162,Simon Merrells,12000,61937495,Drama|Fantasy|Horror|Thriller,Anthony Hopkins,The Wolfman ,89442,13071,Art Malik,0,asylum|death|full moon|transformation|werewolf,http://www.imdb.com/title/tt0780653/?ref_=fn_tt_tt_1,432,English,USA,R,150000000,2010,490,5.8,1.85,0
Color,Michael Bay,378,165,,808,Sophia Myles,974,245428137,Action|Adventure|Sci-Fi,Bingbing Li,Transformers: Age of Extinction ,242420,3988,Kelsey Grammer,2,blockbuster|bumblebee the character|semi truck and trailer|texas|truck,http://www.imdb.com/title/tt2109248/?ref_=fn_tt_tt_1,918,English,USA,PG-13,210000000,2014,956,5.7,2.35,56000
Color,Michael Bay,428,154,,581,Lester Speight,894,352358779,Action|Adventure|Sci-Fi,Glenn Morshower,Transformers: Dark of the Moon ,326180,2593,Kevin Dunn,2,autobot|decepticon|job interview|moon|spacecraft,http://www.imdb.com/title/tt1399103/?ref_=fn_tt_tt_1,899,English,USA,PG-13,195000000,2011,829,6.3,2.35,46000
Color,Michael Bay,396,144,,581,Michael O'Neill,662,318759914,Action|Adventure|Sci-Fi,Zack Ward,Transformers ,513158,2333,Kevin Dunn,0,alien contact|autobot|decepticon|robot vs. robot|teenage hero,http://www.imdb.com/title/tt0418279/?ref_=fn_tt_tt_1,1782,English,USA,PG-13,150000000,2007,599,7.1,2.35,8000
Color,Duncan Jones,275,123,,648,Callum Rennie,3000,46978995,Action|Adventure|Fantasy,Dominic Cooper,Warcraft ,111609,5505,Ruth Negga,0,based on video game|fictional language|fictional war|orc|sword and sorcery,http://www.imdb.com/title/tt0803096/?ref_=fn_tt_tt_1,781,English,USA,PG-13,160000000,2016,716,7.3,2.35,89000
Color,Bryan Singer,396,144,,1000,Michael Fassbender,34000,154985087,Action|Adventure|Sci-Fi,Jennifer Lawrence,X-Men: Apocalypse ,148379,49684,Tye Sheridan,6,mutant|superhero|superhero team|x men|year 1983,http://www.imdb.com/title/tt3385516/?ref_=fn_tt_tt_1,622,English,USA,PG-13,178000000,2016,13000,7.3,2.35,54000
